ショップ名,注文番号,在庫ID,商品名,単価,数量,合計金額,税率,送料,手数料,出荷確定日,自由項目1,取込フォーマット名（APIカート内ショップ名）,自由項目2
ULTORA（ウルトラ）,024e18eb81,1100271,"ウルトラ ホエイダイエットプロテイン 抹茶ラテ風味 1,000g",5115,2,10230,0.08,0,0,2023/11/01,"","311001,ウルトラECF",""
ULTORA（ウルトラ）,030d84c9a6,1100285,ウルトラ スローダイエットプロテイン カフェラテ風味,5189,1,4990,0.08,600,0,2023/11/01,"","311001,ウルトラECF",
ULTORA（ウルトラ）,035ccd092a,1201772,※ダミー※【2点セット】 ホエイダイエットプロテイン 450g＆ソイダイエットプロテイン 500g     ,5580,1,5680,0.08,600,0,2023/11/01,"","311001,ウルトラECF",
ULTORA（ウルトラ）,035ccd092a,1100279,ウルトラ ホエイダイエットプロテイン クリアストロベリー風味 450g,0,1,0,0.08,0,0,2023/11/01,"","311001,ウルトラECF",
ULTORA（ウルトラ）,035ccd092a,1100289,ウルトラ ソイダイエットプロテイン ココア風味 500g,0,1,0,0.08,0,0,2023/11/01,"","311001,ウルトラECF",
ULTORA（ウルトラ）,036a5819bc,1100274,"ウルトラ ホエイダイエットプロテイン フルーツオレ風味 1,000g",5115,2,27621,0.08,0,0,2023/11/01,"","311001,ウルトラECF",
ULTORA（ウルトラ）,036a5819bc,1100275,"ウルトラ ホエイダイエットプロテイン ほうじ茶ラテ風味 1,000g",5115,2,0,0.08,0,0,2023/11/01,"","311001,ウルトラECF",
ULTORA（ウルトラ）,036a5819bc,1101396,ウルトラ ホエイダイエットプロテイン 1000g キャラメルナッツ風味     ,5115,2,0,0.08,0,0,2023/11/01,"","311001,ウルトラECF",
ULTORA（ウルトラ）,04a3c89567,1101404,ウルトラ スローダイエットプロテイン 1000g クリアヨーグルト風味     ,5189,1,5595,0.08,600,105,2023/11/01,"","311001,ウルトラECF",
ULTORA（ウルトラ）,0757353857,1201771,※ダミー※【2点セット】 ホエイダイエットプロテイン＆スローダイエットプロテイン 1000g    ,9480,1,13089,0.08,0,0,2023/11/01,"","311001,ウルトラECF",
ULTORA（ウルトラ）,0757353857,1100270,"ウルトラ ホエイダイエットプロテイン チョコレート風味 1,000g",0,2,0,0.08,0,0,2023/11/01,"","311001,ウルトラECF",
ULTORA（ウルトラ）,0757353857,1100270,"ウルトラ ホエイダイエットプロテイン チョコレート風味 1,000g",5115,1,0,0.08,0,0,2023/11/01,"","311001,ウルトラECF",
ULTORA（ウルトラ）,0d99cccc10,1100272,"ウルトラ ホエイダイエットプロテイン クリアストロベリー風味 1,000g",5040,1,4540,0.08,0,0,2023/11/01,"","311001,ウルトラECF",
ULTORA（ウルトラ）,0e51aafd19,1101404,ウルトラ スローダイエットプロテイン 1000g クリアヨーグルト風味     ,5189,1,10005,0.08,0,0,2023/11/01,"","311001,ウルトラECF",
ULTORA（ウルトラ）,0e51aafd19,1100271,"ウルトラ ホエイダイエットプロテイン 抹茶ラテ風味 1,000g",5115,1,0,0.08,0,0,2023/11/01,"","311001,ウルトラECF",
ULTORA（ウルトラ）,10d514e1c4,1100271,"ウルトラ ホエイダイエットプロテイン 抹茶ラテ風味 1,000g",5040,1,4796,0.08,0,0,2023/11/01,"","311001,ウルトラECF",
ULTORA（ウルトラ）,117accaedb,1100302,ウルトラ シェイカー 500ml（ブラック）,650,1,6140,0.1,600,0,2023/11/01,"","311001,ウルトラECF",
ULTORA（ウルトラ）,117accaedb,1100284,ウルトラ スローダイエットプロテイン 黒ゴマきなこ風味　1000ｇ,5189,1,0,0.08,0,0,2023/11/01,"","311001,ウルトラECF",
ULTORA（ウルトラ）,126cb14225,1201771,※ダミー※【2点セット】 ホエイダイエットプロテイン＆スローダイエットプロテイン 1000g    ,9480,1,12036,0.08,0,0,2023/11/01,"","311001,ウルトラECF",
ULTORA（ウルトラ）,126cb14225,1100271,"ウルトラ ホエイダイエットプロテイン 抹茶ラテ風味 1,000g",0,1,0,0.08,0,0,2023/11/01,"","311001,ウルトラECF",
ULTORA（ウルトラ）,126cb14225,1100285,ウルトラ スローダイエットプロテイン カフェラテ風味,0,1,0,0.08,0,0,2023/11/01,"","311001,ウルトラECF",
ULTORA（ウルトラ）,126cb14225,1102416,ウルトラ ソイダイエットプロテイン 500g  ミルクティー風味,3791,1,0,0.08,0,0,2023/11/01,"","311001,ウルトラECF",
ULTORA（ウルトラ）,16d6510c0f,1101397,ウルトラ ホエイダイエットプロテイン 450g キャラメルナッツ風味     ,3491,1,3490,0.08,600,0,2023/11/01,"","311001,ウルトラECF",
ULTORA（ウルトラ）,1be9183c84,1201771,※ダミー※【2点セット】 ホエイダイエットプロテイン＆スローダイエットプロテイン 1000g    ,9480,1,12933,0.08,0,0,2023/11/01,"","311001,ウルトラECF",
ULTORA（ウルトラ）,1be9183c84,1101396,ウルトラ ホエイダイエットプロテイン 1000g キャラメルナッツ風味     ,0,2,0,0.08,0,0,2023/11/01,"","311001,ウルトラECF",
ULTORA（ウルトラ）,1be9183c84,1100286,ウルトラ スローダイエットプロテイン ブルーベリー風味　1000ｇ,5189,1,0,0.08,0,0,2023/11/01,"","311001,ウルトラECF",
ULTORA（ウルトラ）,1e7a02b5a0,1201771,※ダミー※【2点セット】 ホエイダイエットプロテイン＆スローダイエットプロテイン 1000g    ,9480,1,12702,0.08,0,0,2023/11/01,"","311001,ウルトラECF",
ULTORA（ウルトラ）,1e7a02b5a0,1100271,"ウルトラ ホエイダイエットプロテイン 抹茶ラテ風味 1,000g",0,2,0,0.08,0,0,2023/11/01,"","311001,ウルトラECF",
ULTORA（ウルトラ）,1e7a02b5a0,1100290,ウルトラ BCAA ザ・ブースト レモン風味　500g,4633,1,0,0.08,0,0,2023/11/01,"","311001,ウルトラECF",
ULTORA（ウルトラ）,200859185e,1100285,ウルトラ スローダイエットプロテイン カフェラテ風味,4790,1,9830,0.08,0,0,2023/11/01,"","311001,ウルトラECF",
ULTORA（ウルトラ）,200859185e,1100270,"ウルトラ ホエイダイエットプロテイン チョコレート風味 1,000g",5040,1,0,0.08,0,0,2023/11/01,"","311001,ウルトラECF",
ULTORA（ウルトラ）,2023103101-1,1100271,"ウルトラ ホエイダイエットプロテイン 抹茶ラテ風味 1,000g",0,5,0,0.08,0,0,2023/11/01,"","311030,ウルトラ個別出荷",""
ULTORA（ウルトラ）,2023103101-1,1100285,ウルトラ スローダイエットプロテイン カフェラテ風味,0,5,0,0.08,0,0,2023/11/01,"","311030,ウルトラ個別出荷",""
ULTORA（ウルトラ）,2023103101-2,1101403,ウルトラ スローダイエットプロテイン 1000g あずきミルク風味,0,5,0,0.08,0,0,2023/11/01,"","311030,ウルトラ個別出荷",""
ULTORA（ウルトラ）,2023103101-2,1102416,ウルトラ ソイダイエットプロテイン 500g  ミルクティー風味,0,5,0,0.08,0,0,2023/11/01,"","311030,ウルトラ個別出荷",""
ULTORA（ウルトラ）,2023103101-2,1102415,ウルトラ ソイダイエットプロテイン 500g モンブラン風味,0,5,0,0.08,0,0,2023/11/01,"","311030,ウルトラ個別出荷",""
ULTORA（ウルトラ）,2023103101-3,1100302,ウルトラ シェイカー 500ml（ブラック）,0,5,0,0.1,0,0,2023/11/01,"","311030,ウルトラ個別出荷",""
ULTORA（ウルトラ）,2023103102-1,1100272,"ウルトラ ホエイダイエットプロテイン クリアストロベリー風味 1,000g",0,2,0,0.08,0,0,2023/11/01,"","311030,ウルトラ個別出荷",""
ULTORA（ウルトラ）,2023103102-1,1101404,ウルトラ スローダイエットプロテイン 1000g クリアヨーグルト風味     ,0,2,0,0.08,0,0,2023/11/01,"","311030,ウルトラ個別出荷",""
ULTORA（ウルトラ）,2023103102-1,1100287,ウルトラ ソイダイエットプロテイン バナナ風味 500g,0,2,0,0.08,0,0,2023/11/01,"","311030,ウルトラ個別出荷",""
ULTORA（ウルトラ）,2023103102-1,1102416,ウルトラ ソイダイエットプロテイン 500g  ミルクティー風味,0,2,0,0.08,0,0,2023/11/01,"","311030,ウルトラ個別出荷",""
ULTORA（ウルトラ）,2023103102-1,1102415,ウルトラ ソイダイエットプロテイン 500g モンブラン風味,0,2,0,0.08,0,0,2023/11/01,"","311030,ウルトラ個別出荷",""
ULTORA（ウルトラ）,2023103102-1,1100302,ウルトラ シェイカー 500ml（ブラック）,0,5,0,0.1,0,0,2023/11/01,"","311030,ウルトラ個別出荷",""
ULTORA（ウルトラ）,23e104fa27,1100284,ウルトラ スローダイエットプロテイン 黒ゴマきなこ風味　1000ｇ,5189,1,4990,0.08,600,0,2023/11/01,"","311001,ウルトラECF",
ULTORA（ウルトラ）,260d549c1c,1201772,※ダミー※【2点セット】 ホエイダイエットプロテイン 450g＆ソイダイエットプロテイン 500g     ,5580,1,10203,0.08,0,0,2023/11/01,"","311001,ウルトラECF",
ULTORA（ウルトラ）,260d549c1c,1100289,ウルトラ ソイダイエットプロテイン ココア風味 500g,0,1,0,0.08,0,0,2023/11/01,"","311001,ウルトラECF",
ULTORA（ウルトラ）,260d549c1c,1100288,ウルトラ ソイダイエットプロテイン 杏仁風味 500g,0,1,0,0.08,0,0,2023/11/01,"","311001,ウルトラECF",
ULTORA（ウルトラ）,260d549c1c,1100287,ウルトラ ソイダイエットプロテイン バナナ風味 500g,3791,1,0,0.08,0,0,2023/11/01,"","311001,ウルトラECF",
ULTORA（ウルトラ）,260d549c1c,1100282,ウルトラ ホエイダイエットプロテイン ほうじ茶ラテ風味 450g,3491,1,0,0.08,0,0,2023/11/01,"","311001,ウルトラECF",
ULTORA（ウルトラ）,286fae596b,1100271,"ウルトラ ホエイダイエットプロテイン 抹茶ラテ風味 1,000g",5115,1,5820,0.08,600,105,2023/11/01,"","311001,ウルトラECF",
ULTORA（ウルトラ）,295247791,1100278,ウルトラ ホエイダイエットプロテイン 抹茶ラテ風味 450g,3490,1,3385,0.08,0,0,2023/11/01,"","311013,ウルトラQoo10",
ULTORA（ウルトラ）,295332751,1100284,ウルトラ スローダイエットプロテイン 黒ゴマきなこ風味　1000ｇ,5740,1,4999,0.08,0,0,2023/11/01,"","311013,ウルトラQoo10",
ULTORA（ウルトラ）,295341493,1201805,ウルトラ 【セット】ホエイ450_2個(抹茶＆フルーツオレ),5990,1,5811,0.08,0,0,2023/11/01,"","311013,ウルトラQoo10",
ULTORA（ウルトラ）,295341493,1100302,ウルトラ シェイカー 500ml（ブラック）,0,1,0,0.1,0,0,2023/11/01,"","311013,ウルトラQoo10",
ULTORA（ウルトラ）,295383090,1201810,ウルトラ 【セット】ホエイ450_2個(クリアストロベリー＆ココナッツチョコレート),5990,1,5990,0.08,0,0,2023/11/01,"","311013,ウルトラQoo10",
ULTORA（ウルトラ）,295383090,1100302,ウルトラ シェイカー 500ml（ブラック）,0,1,0,0.1,0,0,2023/11/01,"","311013,ウルトラQoo10",
ULTORA（ウルトラ）,295385515,1100276,"ウルトラ ホエイダイエットプロテイン 紫芋風味 1,000g",5740,1,5740,0.08,0,0,2023/11/01,"","311013,ウルトラQoo10",
ULTORA（ウルトラ）,295397522,1100273,"ウルトラ ホエイダイエットプロテイン ココナッツチョコレート風味 1,000g",5740,2,11480,0.08,0,0,2023/11/01,"","311013,ウルトラQoo10",
ULTORA（ウルトラ）,295414984,1100284,ウルトラ スローダイエットプロテイン 黒ゴマきなこ風味　1000ｇ,5740,1,5740,0.08,0,0,2023/11/01,"","311013,ウルトラQoo10",
ULTORA（ウルトラ）,2a4610b84c,1100278,ウルトラ ホエイダイエットプロテイン 抹茶ラテ風味 450g,3491,1,2990,0.08,600,0,2023/11/01,"","311001,ウルトラECF",
ULTORA（ウルトラ）,2af586711d,1201771,※ダミー※【2点セット】 ホエイダイエットプロテイン＆スローダイエットプロテイン 1000g    ,9480,1,9580,0.08,600,0,2023/11/01,"","311001,ウルトラECF",
ULTORA（ウルトラ）,2af586711d,1101396,ウルトラ ホエイダイエットプロテイン 1000g キャラメルナッツ風味     ,0,1,0,0.08,0,0,2023/11/01,"","311001,ウルトラECF",
ULTORA（ウルトラ）,2af586711d,1101403,ウルトラ スローダイエットプロテイン 1000g あずきミルク風味,0,1,0,0.08,0,0,2023/11/01,"","311001,ウルトラECF",
ULTORA（ウルトラ）,2b210b4d7c,1201772,※ダミー※【2点セット】 ホエイダイエットプロテイン 450g＆ソイダイエットプロテイン 500g     ,5580,1,15260,0.08,0,0,2023/11/01,"","311001,ウルトラECF",
ULTORA（ウルトラ）,2b210b4d7c,1100288,ウルトラ ソイダイエットプロテイン 杏仁風味 500g,0,1,0,0.08,0,0,2023/11/01,"","311001,ウルトラECF",
ULTORA（ウルトラ）,2b210b4d7c,1100283,ウルトラ ホエイダイエットプロテイン 紫芋風味 450g,0,1,0,0.08,0,0,2023/11/01,"","311001,ウルトラECF",
ULTORA（ウルトラ）,2b210b4d7c,1100273,"ウルトラ ホエイダイエットプロテイン ココナッツチョコレート風味 1,000g",5115,1,0,0.08,0,0,2023/11/01,"","311001,ウルトラECF",
ULTORA（ウルトラ）,2b210b4d7c,1100295,ウルトラ EAA ジ・アクセル ソルティッドライチ風味　500g,5065,1,0,0.08,0,0,2023/11/01,"","311001,ウルトラECF",
ULTORA（ウルトラ）,2ba8426f7e,1100290,ウルトラ BCAA ザ・ブースト レモン風味　500g,4633,1,4838,0.08,600,105,2023/11/01,"","311001,ウルトラECF",
ULTORA（ウルトラ）,30fb284810,1100283,ウルトラ ホエイダイエットプロテイン 紫芋風味 450g,3491,1,2990,0.08,600,0,2023/11/01,"","311001,ウルトラECF",
ULTORA（ウルトラ）,319d32a2d5,1100284,ウルトラ スローダイエットプロテイン 黒ゴマきなこ風味　1000ｇ,5189,1,5490,0.08,600,0,2023/11/01,"","311001,ウルトラECF",
ULTORA（ウルトラ）,31f5722e0b,1100271,"ウルトラ ホエイダイエットプロテイン 抹茶ラテ風味 1,000g",5115,3,14845,0.08,0,0,2023/11/01,"","311001,ウルトラECF",
ULTORA（ウルトラ）,36b2d70ca4,1201771,※ダミー※【2点セット】 ホエイダイエットプロテイン＆スローダイエットプロテイン 1000g    ,9480,1,9132,0.08,600,0,2023/11/01,"","311001,ウルトラECF",
ULTORA（ウルトラ）,36b2d70ca4,1100271,"ウルトラ ホエイダイエットプロテイン 抹茶ラテ風味 1,000g",0,1,0,0.08,0,0,2023/11/01,"","311001,ウルトラECF",
ULTORA（ウルトラ）,36b2d70ca4,1100286,ウルトラ スローダイエットプロテイン ブルーベリー風味　1000ｇ,0,1,0,0.08,0,0,2023/11/01,"","311001,ウルトラECF",
ULTORA（ウルトラ）,388cb705ed,1102415,ウルトラ ソイダイエットプロテイン 500g モンブラン風味,3791,1,11270,0.08,0,0,2023/11/01,"","311001,ウルトラECF",
ULTORA（ウルトラ）,388cb705ed,1102416,ウルトラ ソイダイエットプロテイン 500g  ミルクティー風味,3791,1,0,0.08,0,0,2023/11/01,"","311001,ウルトラECF",
ULTORA（ウルトラ）,388cb705ed,1100285,ウルトラ スローダイエットプロテイン カフェラテ風味,5189,1,0,0.08,0,0,2023/11/01,"","311001,ウルトラECF",
ULTORA（ウルトラ）,38e475a73f,1201771,※ダミー※【2点セット】 ホエイダイエットプロテイン＆スローダイエットプロテイン 1000g    ,9480,1,12036,0.08,0,0,2023/11/01,"","311001,ウルトラECF",
ULTORA（ウルトラ）,38e475a73f,1100272,"ウルトラ ホエイダイエットプロテイン クリアストロベリー風味 1,000g",0,1,0,0.08,0,0,2023/11/01,"","311001,ウルトラECF",
ULTORA（ウルトラ）,38e475a73f,1100284,ウルトラ スローダイエットプロテイン 黒ゴマきなこ風味　1000ｇ,0,1,0,0.08,0,0,2023/11/01,"","311001,ウルトラECF",
ULTORA（ウルトラ）,38e475a73f,1100289,ウルトラ ソイダイエットプロテイン ココア風味 500g,3791,1,0,0.08,0,0,2023/11/01,"","311001,ウルトラECF",
ULTORA（ウルトラ）,3bff87b694,1100271,"ウルトラ ホエイダイエットプロテイン 抹茶ラテ風味 1,000g",5040,1,4540,0.08,0,0,2023/11/01,"","311001,ウルトラECF",
ULTORA（ウルトラ）,3c1210859a,1100284,ウルトラ スローダイエットプロテイン 黒ゴマきなこ風味　1000ｇ,5189,1,6140,0.08,600,0,2023/11/01,"","311001,ウルトラECF",
ULTORA（ウルトラ）,3c1210859a,1100302,ウルトラ シェイカー 500ml（ブラック）,650,1,0,0.1,0,0,2023/11/01,"","311001,ウルトラECF",
ULTORA（ウルトラ）,3c9d9f6b7d,1201771,※ダミー※【2点セット】 ホエイダイエットプロテイン＆スローダイエットプロテイン 1000g    ,9480,1,13059,0.08,0,0,2023/11/01,"","311001,ウルトラECF",
ULTORA（ウルトラ）,3c9d9f6b7d,1100271,"ウルトラ ホエイダイエットプロテイン 抹茶ラテ風味 1,000g",0,1,0,0.08,0,0,2023/11/01,"","311001,ウルトラECF",
ULTORA（ウルトラ）,3c9d9f6b7d,1100275,"ウルトラ ホエイダイエットプロテイン ほうじ茶ラテ風味 1,000g",0,1,0,0.08,0,0,2023/11/01,"","311001,ウルトラECF",
ULTORA（ウルトラ）,3c9d9f6b7d,1100296,ウルトラ EAA ジ・アクセル アセロラ風味　500g,5065,1,0,0.08,0,0,2023/11/01,"","311001,ウルトラECF",
ULTORA（ウルトラ）,3eb1748e15,1100279,ウルトラ ホエイダイエットプロテイン クリアストロベリー風味 450g,3491,1,13390,0.08,0,105,2023/11/01,"","311001,ウルトラECF",
ULTORA（ウルトラ）,3eb1748e15,1100282,ウルトラ ホエイダイエットプロテイン ほうじ茶ラテ風味 450g,3491,1,0,0.08,0,0,2023/11/01,"","311001,ウルトラECF",
ULTORA（ウルトラ）,3eb1748e15,1101397,ウルトラ ホエイダイエットプロテイン 450g キャラメルナッツ風味     ,3491,1,0,0.08,0,0,2023/11/01,"","311001,ウルトラECF",
ULTORA（ウルトラ）,3eb1748e15,1101396,ウルトラ ホエイダイエットプロテイン 1000g キャラメルナッツ風味     ,5115,1,0,0.08,0,0,2023/11/01,"","311001,ウルトラECF",
ULTORA（ウルトラ）,4020866f6c,1102416,ウルトラ ソイダイエットプロテイン 500g  ミルクティー風味,3791,1,6480,0.08,600,0,2023/11/01,"","311001,ウルトラECF",
ULTORA（ウルトラ）,4020866f6c,1100289,ウルトラ ソイダイエットプロテイン ココア風味 500g,3791,1,0,0.08,0,0,2023/11/01,"","311001,ウルトラECF",
ULTORA（ウルトラ）,40852cca40,1201771,※ダミー※【2点セット】 ホエイダイエットプロテイン＆スローダイエットプロテイン 1000g    ,9480,1,12977,0.08,0,0,2023/11/01,"","311001,ウルトラECF",
ULTORA（ウルトラ）,40852cca40,1101396,ウルトラ ホエイダイエットプロテイン 1000g キャラメルナッツ風味     ,0,1,0,0.08,0,0,2023/11/01,"","311001,ウルトラECF",
ULTORA（ウルトラ）,40852cca40,1101403,ウルトラ スローダイエットプロテイン 1000g あずきミルク風味,0,1,0,0.08,0,0,2023/11/01,"","311001,ウルトラECF",
ULTORA（ウルトラ）,40852cca40,1100296,ウルトラ EAA ジ・アクセル アセロラ風味　500g,5065,1,0,0.08,0,0,2023/11/01,"","311001,ウルトラECF",
ULTORA（ウルトラ）,44082b0fe2,1101403,ウルトラ スローダイエットプロテイン 1000g あずきミルク風味,5189,1,4756,0.08,600,0,2023/11/01,"","311001,ウルトラECF",
ULTORA（ウルトラ）,48236cec18,1100284,ウルトラ スローダイエットプロテイン 黒ゴマきなこ風味　1000ｇ,5189,1,5595,0.08,600,105,2023/11/01,"","311001,ウルトラECF",
ULTORA（ウルトラ）,4c07373e35,1201771,※ダミー※【2点セット】 ホエイダイエットプロテイン＆スローダイエットプロテイン 1000g    ,9480,1,9580,0.08,600,0,2023/11/01,"","311001,ウルトラECF",
ULTORA（ウルトラ）,4c07373e35,1100271,"ウルトラ ホエイダイエットプロテイン 抹茶ラテ風味 1,000g",0,1,0,0.08,0,0,2023/11/01,"","311001,ウルトラECF",
ULTORA（ウルトラ）,4c07373e35,1100284,ウルトラ スローダイエットプロテイン 黒ゴマきなこ風味　1000ｇ,0,1,0,0.08,0,0,2023/11/01,"","311001,ウルトラECF",
ULTORA（ウルトラ）,4c5dd267c5,1201772,※ダミー※【2点セット】 ホエイダイエットプロテイン 450g＆ソイダイエットプロテイン 500g     ,5580,1,5980,0.08,600,300,2023/11/01,"","311001,ウルトラECF",
ULTORA（ウルトラ）,4c5dd267c5,1100287,ウルトラ ソイダイエットプロテイン バナナ風味 500g,0,1,0,0.08,0,0,2023/11/01,"","311001,ウルトラECF",
ULTORA（ウルトラ）,4c5dd267c5,1100282,ウルトラ ホエイダイエットプロテイン ほうじ茶ラテ風味 450g,0,1,0,0.08,0,0,2023/11/01,"","311001,ウルトラECF",
ULTORA（ウルトラ）,4c82df43a5,1201771,※ダミー※【2点セット】 ホエイダイエットプロテイン＆スローダイエットプロテイン 1000g    ,9480,1,10080,0.08,600,0,2023/11/01,"","311001,ウルトラECF",
ULTORA（ウルトラ）,4c82df43a5,1100272,"ウルトラ ホエイダイエットプロテイン クリアストロベリー風味 1,000g",0,1,0,0.08,0,0,2023/11/01,"","311001,ウルトラECF",
ULTORA（ウルトラ）,4c82df43a5,1100286,ウルトラ スローダイエットプロテイン ブルーベリー風味　1000ｇ,0,1,0,0.08,0,0,2023/11/01,"","311001,ウルトラECF",
ULTORA（ウルトラ）,4d5feaf933,1201771,※ダミー※【2点セット】 ホエイダイエットプロテイン＆スローダイエットプロテイン 1000g    ,9480,1,10080,0.08,600,0,2023/11/01,"","311001,ウルトラECF",
ULTORA（ウルトラ）,4d5feaf933,1100271,"ウルトラ ホエイダイエットプロテイン 抹茶ラテ風味 1,000g",0,1,0,0.08,0,0,2023/11/01,"","311001,ウルトラECF",
ULTORA（ウルトラ）,4d5feaf933,1100284,ウルトラ スローダイエットプロテイン 黒ゴマきなこ風味　1000ｇ,0,1,0,0.08,0,0,2023/11/01,"","311001,ウルトラECF",
ULTORA（ウルトラ）,4e56025eef,1201772,※ダミー※【2点セット】 ホエイダイエットプロテイン 450g＆ソイダイエットプロテイン 500g     ,5580,1,6330,0.08,600,0,2023/11/01,"","311001,ウルトラECF",
ULTORA（ウルトラ）,4e56025eef,1101397,ウルトラ ホエイダイエットプロテイン 450g キャラメルナッツ風味     ,0,1,0,0.08,0,0,2023/11/01,"","311001,ウルトラECF",
ULTORA（ウルトラ）,4e56025eef,1100279,ウルトラ ホエイダイエットプロテイン クリアストロベリー風味 450g,0,1,0,0.08,0,0,2023/11/01,"","311001,ウルトラECF",
ULTORA（ウルトラ）,4e56025eef,1100302,ウルトラ シェイカー 500ml（ブラック）,650,1,0,0.1,0,0,2023/11/01,"","311001,ウルトラECF",
ULTORA（ウルトラ）,5234f13d75,1100273,"ウルトラ ホエイダイエットプロテイン ココナッツチョコレート風味 1,000g",5115,1,9004,0.08,0,0,2023/11/01,"","311001,ウルトラECF",
ULTORA（ウルトラ）,5234f13d75,1100285,ウルトラ スローダイエットプロテイン カフェラテ風味,5189,1,0,0.08,0,0,2023/11/01,"","311001,ウルトラECF",
ULTORA（ウルトラ）,5345557c43,1100271,"ウルトラ ホエイダイエットプロテイン 抹茶ラテ風味 1,000g",5115,1,5715,0.08,600,0,2023/11/01,"","311001,ウルトラECF",
ULTORA（ウルトラ）,56636f1ee5,1102416,ウルトラ ソイダイエットプロテイン 500g  ミルクティー風味,3791,1,10695,0.08,0,0,2023/11/01,"","311001,ウルトラECF",
ULTORA（ウルトラ）,56636f1ee5,1100277,ウルトラ ホエイダイエットプロテイン チョコレート風味 450g,3491,1,0,0.08,0,0,2023/11/01,"","311001,ウルトラECF",
ULTORA（ウルトラ）,56636f1ee5,1100275,"ウルトラ ホエイダイエットプロテイン ほうじ茶ラテ風味 1,000g",5115,1,0,0.08,0,0,2023/11/01,"","311001,ウルトラECF",
ULTORA（ウルトラ）,575fcf3928,1100271,"ウルトラ ホエイダイエットプロテイン 抹茶ラテ風味 1,000g",5115,2,10230,0.08,0,0,2023/11/01,"","311001,ウルトラECF",
ULTORA（ウルトラ）,577f14b99f,1201772,※ダミー※【2点セット】 ホエイダイエットプロテイン 450g＆ソイダイエットプロテイン 500g     ,5580,1,10213,0.08,0,0,2023/11/01,"","311001,ウルトラECF",
ULTORA（ウルトラ）,577f14b99f,1100288,ウルトラ ソイダイエットプロテイン 杏仁風味 500g,0,1,0,0.08,0,0,2023/11/01,"","311001,ウルトラECF",
ULTORA（ウルトラ）,577f14b99f,1100282,ウルトラ ホエイダイエットプロテイン ほうじ茶ラテ風味 450g,0,1,0,0.08,0,0,2023/11/01,"","311001,ウルトラECF",
ULTORA（ウルトラ）,577f14b99f,1100291,ウルトラ BCAA ザ・ブースト マスカット風味　500g,4633,1,0,0.08,0,0,2023/11/01,"","311001,ウルトラECF",
ULTORA（ウルトラ）,5c8b3e5e8c,1100271,"ウルトラ ホエイダイエットプロテイン 抹茶ラテ風味 1,000g",5115,1,9207,0.08,0,0,2023/11/01,"","311001,ウルトラECF",
ULTORA（ウルトラ）,5c8b3e5e8c,1101396,ウルトラ ホエイダイエットプロテイン 1000g キャラメルナッツ風味     ,5115,1,0,0.08,0,0,2023/11/01,"","311001,ウルトラECF",
ULTORA（ウルトラ）,5fc326fe84,1101397,ウルトラ ホエイダイエットプロテイン 450g キャラメルナッツ風味     ,3491,1,2990,0.08,600,0,2023/11/01,"","311001,ウルトラECF",
ULTORA（ウルトラ）,61f5bfaefa,1100284,ウルトラ スローダイエットプロテイン 黒ゴマきなこ風味　1000ｇ,5189,1,4990,0.08,600,0,2023/11/01,"","311001,ウルトラECF",
ULTORA（ウルトラ）,6200343d61,1100286,ウルトラ スローダイエットプロテイン ブルーベリー風味　1000ｇ,5189,1,5289,0.08,600,0,2023/11/01,"","311001,ウルトラECF",
ULTORA（ウルトラ）,63dae51f10,1201771,※ダミー※【2点セット】 ホエイダイエットプロテイン＆スローダイエットプロテイン 1000g    ,9480,1,10080,0.08,600,0,2023/11/01,"","311001,ウルトラECF",
ULTORA（ウルトラ）,63dae51f10,1101403,ウルトラ スローダイエットプロテイン 1000g あずきミルク風味,0,1,0,0.08,0,0,2023/11/01,"","311001,ウルトラECF",
ULTORA（ウルトラ）,63dae51f10,1100275,"ウルトラ ホエイダイエットプロテイン ほうじ茶ラテ風味 1,000g",0,1,0,0.08,0,0,2023/11/01,"","311001,ウルトラECF",
ULTORA（ウルトラ）,664b6e075e,1100281,ウルトラ ホエイダイエットプロテイン フルーツオレ風味 450g,3491,1,9372,0.08,0,0,2023/11/01,"","311001,ウルトラECF",
ULTORA（ウルトラ）,664b6e075e,1100279,ウルトラ ホエイダイエットプロテイン クリアストロベリー風味 450g,3491,1,0,0.08,0,0,2023/11/01,"","311001,ウルトラECF",
ULTORA（ウルトラ）,664b6e075e,1100290,ウルトラ BCAA ザ・ブースト レモン風味　500g,4633,1,0,0.08,0,0,2023/11/01,"","311001,ウルトラECF",
ULTORA（ウルトラ）,67190dd407,1100282,ウルトラ ホエイダイエットプロテイン ほうじ茶ラテ風味 450g,3491,1,2990,0.08,600,0,2023/11/01,"","311001,ウルトラECF",
ULTORA（ウルトラ）,67e91d2932,1100273,"ウルトラ ホエイダイエットプロテイン ココナッツチョコレート風味 1,000g",5115,2,12472,0.08,0,0,2023/11/01,"","311001,ウルトラECF",
ULTORA（ウルトラ）,67e91d2932,1101397,ウルトラ ホエイダイエットプロテイン 450g キャラメルナッツ風味     ,3491,1,0,0.08,0,0,2023/11/01,"","311001,ウルトラECF",
ULTORA（ウルトラ）,6d2ccdfbeb,1101396,ウルトラ ホエイダイエットプロテイン 1000g キャラメルナッツ風味     ,5115,1,8605,0.08,600,0,2023/11/01,"","311001,ウルトラECF",
ULTORA（ウルトラ）,6d2ccdfbeb,1100277,ウルトラ ホエイダイエットプロテイン チョコレート風味 450g,3491,1,0,0.08,0,0,2023/11/01,"","311001,ウルトラECF",
ULTORA（ウルトラ）,6d68f29202,1101404,ウルトラ スローダイエットプロテイン 1000g クリアヨーグルト風味     ,5189,2,13203,0.08,0,0,2023/11/01,"","311001,ウルトラECF",
ULTORA（ウルトラ）,6d68f29202,1100286,ウルトラ スローダイエットプロテイン ブルーベリー風味　1000ｇ,5189,1,0,0.08,0,0,2023/11/01,"","311001,ウルトラECF",
ULTORA（ウルトラ）,6e791665f9,1100271,"ウルトラ ホエイダイエットプロテイン 抹茶ラテ風味 1,000g",5115,1,10230,0.08,0,0,2023/11/01,"","311001,ウルトラECF",
ULTORA（ウルトラ）,6e791665f9,1100273,"ウルトラ ホエイダイエットプロテイン ココナッツチョコレート風味 1,000g",5115,1,0,0.08,0,0,2023/11/01,"","311001,ウルトラECF",
ULTORA（ウルトラ）,6f2b86b1c1,1100271,"ウルトラ ホエイダイエットプロテイン 抹茶ラテ風味 1,000g",5115,2,10230,0.08,0,0,2023/11/01,"","311001,ウルトラECF",
ULTORA（ウルトラ）,6f376fc067,1101397,ウルトラ ホエイダイエットプロテイン 450g キャラメルナッツ風味     ,3491,1,2990,0.08,600,0,2023/11/01,"","311001,ウルトラECF",
ULTORA（ウルトラ）,6fd062d12d,1100270,"ウルトラ ホエイダイエットプロテイン チョコレート風味 1,000g",5115,2,10230,0.08,0,0,2023/11/01,"","311001,ウルトラECF",
ULTORA（ウルトラ）,74960cabc7,1101403,ウルトラ スローダイエットプロテイン 1000g あずきミルク風味,5189,1,10556,0.08,0,0,2023/11/01,"","311001,ウルトラECF",
ULTORA（ウルトラ）,74960cabc7,1102415,ウルトラ ソイダイエットプロテイン 500g モンブラン風味,3791,1,0,0.08,0,0,2023/11/01,"","311001,ウルトラECF",
ULTORA（ウルトラ）,74960cabc7,1102416,ウルトラ ソイダイエットプロテイン 500g  ミルクティー風味,3791,1,0,0.08,0,0,2023/11/01,"","311001,ウルトラECF",
ULTORA（ウルトラ）,761ffced7c,1100273,"ウルトラ ホエイダイエットプロテイン ココナッツチョコレート風味 1,000g",5115,1,9730,0.08,0,0,2023/11/01,"","311001,ウルトラECF",
ULTORA（ウルトラ）,761ffced7c,1101396,ウルトラ ホエイダイエットプロテイン 1000g キャラメルナッツ風味     ,5115,1,0,0.08,0,0,2023/11/01,"","311001,ウルトラECF",
ULTORA（ウルトラ）,7761bdb8da,1201772,※ダミー※【2点セット】 ホエイダイエットプロテイン 450g＆ソイダイエットプロテイン 500g     ,5580,1,5680,0.08,600,0,2023/11/01,"","311001,ウルトラECF",
ULTORA（ウルトラ）,7761bdb8da,1100288,ウルトラ ソイダイエットプロテイン 杏仁風味 500g,0,2,0,0.08,0,0,2023/11/01,"","311001,ウルトラECF",
ULTORA（ウルトラ）,785ae1922d,1201772,※ダミー※【2点セット】 ホエイダイエットプロテイン 450g＆ソイダイエットプロテイン 500g     ,5580,1,5680,0.08,600,0,2023/11/01,"","311001,ウルトラECF",
ULTORA（ウルトラ）,785ae1922d,1100289,ウルトラ ソイダイエットプロテイン ココア風味 500g,0,2,0,0.08,0,0,2023/11/01,"","311001,ウルトラECF",
ULTORA（ウルトラ）,78b68bf644,1100271,"ウルトラ ホエイダイエットプロテイン 抹茶ラテ風味 1,000g",5115,1,11495,0.08,0,0,2023/11/01,"","311001,ウルトラECF",
ULTORA（ウルトラ）,78b68bf644,1102415,ウルトラ ソイダイエットプロテイン 500g モンブラン風味,3791,1,0,0.08,0,0,2023/11/01,"","311001,ウルトラECF",
ULTORA（ウルトラ）,78b68bf644,1102416,ウルトラ ソイダイエットプロテイン 500g  ミルクティー風味,3791,1,0,0.08,0,0,2023/11/01,"","311001,ウルトラECF",
ULTORA（ウルトラ）,7ae0876913,1201771,※ダミー※【2点セット】 ホエイダイエットプロテイン＆スローダイエットプロテイン 1000g    ,9480,1,14170,0.08,0,300,2023/11/01,"","311001,ウルトラECF",
ULTORA（ウルトラ）,7ae0876913,1101396,ウルトラ ホエイダイエットプロテイン 1000g キャラメルナッツ風味     ,0,2,0,0.08,0,0,2023/11/01,"","311001,ウルトラECF",
ULTORA（ウルトラ）,7ae0876913,1101403,ウルトラ スローダイエットプロテイン 1000g あずきミルク風味,5189,1,0,0.08,0,0,2023/11/01,"","311001,ウルトラECF",
ULTORA（ウルトラ）,7e162d8c98,1100270,"ウルトラ ホエイダイエットプロテイン チョコレート風味 1,000g",5115,1,14725,0.08,0,0,2023/11/01,"","311001,ウルトラECF",
ULTORA（ウルトラ）,7e162d8c98,1100272,"ウルトラ ホエイダイエットプロテイン クリアストロベリー風味 1,000g",5115,1,0,0.08,0,0,2023/11/01,"","311001,ウルトラECF",
ULTORA（ウルトラ）,7e162d8c98,1100273,"ウルトラ ホエイダイエットプロテイン ココナッツチョコレート風味 1,000g",5115,1,0,0.08,0,0,2023/11/01,"","311001,ウルトラECF",
ULTORA（ウルトラ）,7fe02d1483,1102415,ウルトラ ソイダイエットプロテイン 500g モンブラン風味,3791,1,10370,0.08,0,0,2023/11/01,"","311001,ウルトラECF",
ULTORA（ウルトラ）,7fe02d1483,1100284,ウルトラ スローダイエットプロテイン 黒ゴマきなこ風味　1000ｇ,4790,1,0,0.08,0,0,2023/11/01,"","311001,ウルトラECF",
ULTORA（ウルトラ）,7fe02d1483,1101397,ウルトラ ホエイダイエットプロテイン 450g キャラメルナッツ風味     ,3491,1,0,0.08,0,0,2023/11/01,"","311001,ウルトラECF",
ULTORA（ウルトラ）,82fd924ae6,1201772,※ダミー※【2点セット】 ホエイダイエットプロテイン 450g＆ソイダイエットプロテイン 500g     ,5580,1,9970,0.08,0,0,2023/11/01,"","311001,ウルトラECF",
ULTORA（ウルトラ）,82fd924ae6,1101397,ウルトラ ホエイダイエットプロテイン 450g キャラメルナッツ風味     ,0,1,0,0.08,0,0,2023/11/01,"","311001,ウルトラECF",
ULTORA（ウルトラ）,82fd924ae6,1100280,ウルトラ ホエイダイエットプロテイン ココナッツチョコレート風味 450g,0,1,0,0.08,0,0,2023/11/01,"","311001,ウルトラECF",
ULTORA（ウルトラ）,82fd924ae6,1100284,ウルトラ スローダイエットプロテイン 黒ゴマきなこ風味　1000ｇ,5189,1,0,0.08,0,0,2023/11/01,"","311001,ウルトラECF",
ULTORA（ウルトラ）,832ccb91ad,1100284,ウルトラ スローダイエットプロテイン 黒ゴマきなこ風味　1000ｇ,5189,1,5490,0.08,600,0,2023/11/01,"","311001,ウルトラECF",
ULTORA（ウルトラ）,86671fdc8b,1201771,※ダミー※【2点セット】 ホエイダイエットプロテイン＆スローダイエットプロテイン 1000g    ,9480,1,9580,0.08,600,0,2023/11/01,"","311001,ウルトラECF",
ULTORA（ウルトラ）,86671fdc8b,1100284,ウルトラ スローダイエットプロテイン 黒ゴマきなこ風味　1000ｇ,0,1,0,0.08,0,0,2023/11/01,"","311001,ウルトラECF",
ULTORA（ウルトラ）,86671fdc8b,1101404,ウルトラ スローダイエットプロテイン 1000g クリアヨーグルト風味     ,0,1,0,0.08,0,0,2023/11/01,"","311001,ウルトラECF",
ULTORA（ウルトラ）,86ffe73c88,1100284,ウルトラ スローダイエットプロテイン 黒ゴマきなこ風味　1000ｇ,5189,1,5490,0.08,600,0,2023/11/01,"","311001,ウルトラECF",
ULTORA（ウルトラ）,8c0324c731,1101397,ウルトラ ホエイダイエットプロテイン 450g キャラメルナッツ風味     ,3491,1,2990,0.08,600,0,2023/11/01,"","311001,ウルトラECF",
ULTORA（ウルトラ）,8c28ac4103,1201771,※ダミー※【2点セット】 ホエイダイエットプロテイン＆スローダイエットプロテイン 1000g    ,9480,1,9580,0.08,600,0,2023/11/01,"","311001,ウルトラECF",
ULTORA（ウルトラ）,8c28ac4103,1100272,"ウルトラ ホエイダイエットプロテイン クリアストロベリー風味 1,000g",0,1,0,0.08,0,0,2023/11/01,"","311001,ウルトラECF",
ULTORA（ウルトラ）,8c28ac4103,1100284,ウルトラ スローダイエットプロテイン 黒ゴマきなこ風味　1000ｇ,0,1,0,0.08,0,0,2023/11/01,"","311001,ウルトラECF",
ULTORA（ウルトラ）,8ea9ccdf7d,1201771,※ダミー※【2点セット】 ホエイダイエットプロテイン＆スローダイエットプロテイン 1000g    ,9480,1,9580,0.08,600,0,2023/11/01,"","311001,ウルトラECF",
ULTORA（ウルトラ）,8ea9ccdf7d,1101396,ウルトラ ホエイダイエットプロテイン 1000g キャラメルナッツ風味     ,0,1,0,0.08,0,0,2023/11/01,"","311001,ウルトラECF",
ULTORA（ウルトラ）,8ea9ccdf7d,1101403,ウルトラ スローダイエットプロテイン 1000g あずきミルク風味,0,1,0,0.08,0,0,2023/11/01,"","311001,ウルトラECF",
ULTORA（ウルトラ）,8ee811ff66,1100290,ウルトラ BCAA ザ・ブースト レモン風味　500g,4633,1,14289,0.08,0,0,2023/11/01,"","311001,ウルトラECF",
ULTORA（ウルトラ）,8ee811ff66,1101396,ウルトラ ホエイダイエットプロテイン 1000g キャラメルナッツ風味     ,5115,2,0,0.08,0,0,2023/11/01,"","311001,ウルトラECF",
ULTORA（ウルトラ）,8eea703566,1100284,ウルトラ スローダイエットプロテイン 黒ゴマきなこ風味　1000ｇ,5189,1,5490,0.08,600,0,2023/11/01,"","311001,ウルトラECF",
ULTORA（ウルトラ）,8f9acd853c,1100271,"ウルトラ ホエイダイエットプロテイン 抹茶ラテ風味 1,000g",5115,1,5865,0.08,600,0,2023/11/01,"","311001,ウルトラECF",
ULTORA（ウルトラ）,8f9acd853c,1100302,ウルトラ シェイカー 500ml（ブラック）,650,1,0,0.1,0,0,2023/11/01,"","311001,ウルトラECF",
ULTORA（ウルトラ）,91f2494824,1201772,※ダミー※【2点セット】 ホエイダイエットプロテイン 450g＆ソイダイエットプロテイン 500g     ,5580,1,9625,0.08,0,0,2023/11/01,"","311001,ウルトラECF",
ULTORA（ウルトラ）,91f2494824,1100287,ウルトラ ソイダイエットプロテイン バナナ風味 500g,0,1,0,0.08,0,0,2023/11/01,"","311001,ウルトラECF",
ULTORA（ウルトラ）,91f2494824,1100282,ウルトラ ホエイダイエットプロテイン ほうじ茶ラテ風味 450g,0,1,0,0.08,0,0,2023/11/01,"","311001,ウルトラECF",
ULTORA（ウルトラ）,91f2494824,1100274,"ウルトラ ホエイダイエットプロテイン フルーツオレ風味 1,000g",5115,1,0,0.08,0,0,2023/11/01,"","311001,ウルトラECF",
ULTORA（ウルトラ）,923e360c01,1201772,※ダミー※【2点セット】 ホエイダイエットプロテイン 450g＆ソイダイエットプロテイン 500g     ,5580,1,11420,0.08,0,0,2023/11/01,"","311001,ウルトラECF",
ULTORA（ウルトラ）,923e360c01,1101397,ウルトラ ホエイダイエットプロテイン 450g キャラメルナッツ風味     ,0,1,0,0.08,0,0,2023/11/01,"","311001,ウルトラECF",
ULTORA（ウルトラ）,923e360c01,1100288,ウルトラ ソイダイエットプロテイン 杏仁風味 500g,0,1,0,0.08,0,0,2023/11/01,"","311001,ウルトラECF",
ULTORA（ウルトラ）,923e360c01,1102416,ウルトラ ソイダイエットプロテイン 500g  ミルクティー風味,3791,1,0,0.08,0,0,2023/11/01,"","311001,ウルトラECF",
ULTORA（ウルトラ）,923e360c01,1102415,ウルトラ ソイダイエットプロテイン 500g モンブラン風味,3791,1,0,0.08,0,0,2023/11/01,"","311001,ウルトラECF",
ULTORA（ウルトラ）,92d8ef32f8,1100273,"ウルトラ ホエイダイエットプロテイン ココナッツチョコレート風味 1,000g",5115,1,5515,0.08,600,0,2023/11/01,"","311001,ウルトラECF",
ULTORA（ウルトラ）,993dcc5880,1101397,ウルトラ ホエイダイエットプロテイン 450g キャラメルナッツ風味     ,3491,1,5985,0.08,600,105,2023/11/01,"","311001,ウルトラECF",
ULTORA（ウルトラ）,993dcc5880,1100278,ウルトラ ホエイダイエットプロテイン 抹茶ラテ風味 450g,3491,1,0,0.08,0,0,2023/11/01,"","311001,ウルトラECF",
ULTORA（ウルトラ）,9aca145aea,1100291,ウルトラ BCAA ザ・ブースト マスカット風味　500g,4633,1,13899,0.08,0,0,2023/11/01,"","311001,ウルトラECF",""
ULTORA（ウルトラ）,9aca145aea,1100290,ウルトラ BCAA ザ・ブースト レモン風味　500g,4633,1,0,0.08,0,0,2023/11/01,"","311001,ウルトラECF",""
ULTORA（ウルトラ）,9aca145aea,1100292,ウルトラ BCAA ザ・ブースト ブラッドオレンジ風味　500g,4633,2,0,0.08,0,0,2023/11/01,"","311001,ウルトラECF",""
ULTORA（ウルトラ）,9c44e58e79,1101397,ウルトラ ホエイダイエットプロテイン 450g キャラメルナッツ風味     ,3491,1,6680,0.08,600,300,2023/11/01,"","311001,ウルトラECF",
ULTORA（ウルトラ）,9c44e58e79,1100281,ウルトラ ホエイダイエットプロテイン フルーツオレ風味 450g,3491,1,0,0.08,0,0,2023/11/01,"","311001,ウルトラECF",
ULTORA（ウルトラ）,9d2c05968e,1101403,ウルトラ スローダイエットプロテイン 1000g あずきミルク風味,5189,1,10430,0.08,0,0,2023/11/01,"","311001,ウルトラECF",
ULTORA（ウルトラ）,9d2c05968e,1100302,ウルトラ シェイカー 500ml（ブラック）,650,1,0,0.1,0,0,2023/11/01,"","311001,ウルトラECF",
ULTORA（ウルトラ）,9d2c05968e,1101404,ウルトラ スローダイエットプロテイン 1000g クリアヨーグルト風味     ,5189,1,0,0.08,0,0,2023/11/01,"","311001,ウルトラECF",
ULTORA（ウルトラ）,9df2dc6948,1100284,ウルトラ スローダイエットプロテイン 黒ゴマきなこ風味　1000ｇ,5189,1,9505,0.08,0,0,2023/11/01,"","311001,ウルトラECF",
ULTORA（ウルトラ）,9df2dc6948,1100270,"ウルトラ ホエイダイエットプロテイン チョコレート風味 1,000g",5115,1,0,0.08,0,0,2023/11/01,"","311001,ウルトラECF",
ULTORA（ウルトラ）,9f774d0322,1100291,ウルトラ BCAA ザ・ブースト マスカット風味　500g,4633,1,5233,0.08,600,0,2023/11/01,"","311001,ウルトラECF",
ULTORA（ウルトラ）,a0ef7afbe4,1201771,※ダミー※【2点セット】 ホエイダイエットプロテイン＆スローダイエットプロテイン 1000g    ,9480,1,13613,0.08,0,0,2023/11/01,"","311001,ウルトラECF",
ULTORA（ウルトラ）,a0ef7afbe4,1101396,ウルトラ ホエイダイエットプロテイン 1000g キャラメルナッツ風味     ,0,1,0,0.08,0,0,2023/11/01,"","311001,ウルトラECF",
ULTORA（ウルトラ）,a0ef7afbe4,1100285,ウルトラ スローダイエットプロテイン カフェラテ風味,0,1,0,0.08,0,0,2023/11/01,"","311001,ウルトラECF",
ULTORA（ウルトラ）,a0ef7afbe4,1100292,ウルトラ BCAA ザ・ブースト ブラッドオレンジ風味　500g,4633,1,0,0.08,0,0,2023/11/01,"","311001,ウルトラECF",
ULTORA（ウルトラ）,a3cd317aaf,1101404,ウルトラ スローダイエットプロテイン 1000g クリアヨーグルト風味     ,5189,1,4990,0.08,600,0,2023/11/01,"","311001,ウルトラECF",
ULTORA（ウルトラ）,a4f42abd06,1201771,※ダミー※【2点セット】 ホエイダイエットプロテイン＆スローダイエットプロテイン 1000g    ,9480,1,11870,0.08,0,0,2023/11/01,"","311001,ウルトラECF",
ULTORA（ウルトラ）,a4f42abd06,1100272,"ウルトラ ホエイダイエットプロテイン クリアストロベリー風味 1,000g",0,1,0,0.08,0,0,2023/11/01,"","311001,ウルトラECF",
ULTORA（ウルトラ）,a4f42abd06,1100284,ウルトラ スローダイエットプロテイン 黒ゴマきなこ風味　1000ｇ,0,1,0,0.08,0,0,2023/11/01,"","311001,ウルトラECF",
ULTORA（ウルトラ）,a4f42abd06,1101397,ウルトラ ホエイダイエットプロテイン 450g キャラメルナッツ風味     ,3491,1,0,0.08,0,0,2023/11/01,"","311001,ウルトラECF",
ULTORA（ウルトラ）,a5825e7ca2,1201771,※ダミー※【2点セット】 ホエイダイエットプロテイン＆スローダイエットプロテイン 1000g    ,9480,1,11870,0.08,0,0,2023/11/01,"","311001,ウルトラECF",
ULTORA（ウルトラ）,a5825e7ca2,1100275,"ウルトラ ホエイダイエットプロテイン ほうじ茶ラテ風味 1,000g",0,1,0,0.08,0,0,2023/11/01,"","311001,ウルトラECF",
ULTORA（ウルトラ）,a5825e7ca2,1101404,ウルトラ スローダイエットプロテイン 1000g クリアヨーグルト風味     ,0,1,0,0.08,0,0,2023/11/01,"","311001,ウルトラECF",
ULTORA（ウルトラ）,a5825e7ca2,1101397,ウルトラ ホエイダイエットプロテイン 450g キャラメルナッツ風味     ,3491,1,0,0.08,0,0,2023/11/01,"","311001,ウルトラECF",
ULTORA（ウルトラ）,a65e7bf10b,1100271,"ウルトラ ホエイダイエットプロテイン 抹茶ラテ風味 1,000g",5115,1,5671,0.08,600,0,2023/11/01,"","311001,ウルトラECF",
ULTORA（ウルトラ）,a6fb958aac,1201771,※ダミー※【2点セット】 ホエイダイエットプロテイン＆スローダイエットプロテイン 1000g    ,9480,1,13865,0.08,0,0,2023/11/01,"","311001,ウルトラECF",
ULTORA（ウルトラ）,a6fb958aac,1101396,ウルトラ ホエイダイエットプロテイン 1000g キャラメルナッツ風味     ,0,1,0,0.08,0,0,2023/11/01,"","311001,ウルトラECF",
ULTORA（ウルトラ）,a6fb958aac,1100271,"ウルトラ ホエイダイエットプロテイン 抹茶ラテ風味 1,000g",0,1,0,0.08,0,0,2023/11/01,"","311001,ウルトラECF",
ULTORA（ウルトラ）,a6fb958aac,1100275,"ウルトラ ホエイダイエットプロテイン ほうじ茶ラテ風味 1,000g",5115,1,0,0.08,0,0,2023/11/01,"","311001,ウルトラECF",
ULTORA（ウルトラ）,a791ee2c7a,1100285,ウルトラ スローダイエットプロテイン カフェラテ風味,5189,1,5001,0.08,600,0,2023/11/01,"","311001,ウルトラECF",
ULTORA（ウルトラ）,a7c52c566b,1101396,ウルトラ ホエイダイエットプロテイン 1000g キャラメルナッツ風味     ,5115,2,10230,0.08,0,0,2023/11/01,"","311001,ウルトラECF",
ULTORA（ウルトラ）,aa1339c56c,1100284,ウルトラ スローダイエットプロテイン 黒ゴマきなこ風味　1000ｇ,5189,1,4990,0.08,600,0,2023/11/01,"","311001,ウルトラECF",
ULTORA（ウルトラ）,ae3097e03d,1201771,※ダミー※【2点セット】 ホエイダイエットプロテイン＆スローダイエットプロテイン 1000g    ,9480,1,12369,0.08,0,0,2023/11/01,"","311001,ウルトラECF",
ULTORA（ウルトラ）,ae3097e03d,1101404,ウルトラ スローダイエットプロテイン 1000g クリアヨーグルト風味     ,0,2,0,0.08,0,0,2023/11/01,"","311001,ウルトラECF",
ULTORA（ウルトラ）,ae3097e03d,1101397,ウルトラ ホエイダイエットプロテイン 450g キャラメルナッツ風味     ,3491,1,0,0.08,0,0,2023/11/01,"","311001,ウルトラECF",
ULTORA（ウルトラ）,ae3097e03d,1100302,ウルトラ シェイカー 500ml（ブラック）,650,1,0,0.1,0,0,2023/11/01,"","311001,ウルトラECF",
ULTORA（ウルトラ）,aeb4153baf,1201771,※ダミー※【2点セット】 ホエイダイエットプロテイン＆スローダイエットプロテイン 1000g    ,9480,1,13613,0.08,0,0,2023/11/01,"","311001,ウルトラECF",
ULTORA（ウルトラ）,aeb4153baf,1100274,"ウルトラ ホエイダイエットプロテイン フルーツオレ風味 1,000g",0,1,0,0.08,0,0,2023/11/01,"","311001,ウルトラECF",
ULTORA（ウルトラ）,aeb4153baf,1100270,"ウルトラ ホエイダイエットプロテイン チョコレート風味 1,000g",0,1,0,0.08,0,0,2023/11/01,"","311001,ウルトラECF",
ULTORA（ウルトラ）,aeb4153baf,1100291,ウルトラ BCAA ザ・ブースト マスカット風味　500g,4633,1,0,0.08,0,0,2023/11/01,"","311001,ウルトラECF",
ULTORA（ウルトラ）,b01c725d79,1101396,ウルトラ ホエイダイエットプロテイン 1000g キャラメルナッツ風味     ,5115,1,5820,0.08,600,105,2023/11/01,"","311001,ウルトラECF",
ULTORA（ウルトラ）,b020a9e57e,1100291,ウルトラ BCAA ザ・ブースト マスカット風味　500g,4633,1,14199,0.08,0,300,2023/11/01,"","311001,ウルトラECF",
ULTORA（ウルトラ）,b020a9e57e,1100292,ウルトラ BCAA ザ・ブースト ブラッドオレンジ風味　500g,4633,1,0,0.08,0,0,2023/11/01,"","311001,ウルトラECF",
ULTORA（ウルトラ）,b020a9e57e,1100290,ウルトラ BCAA ザ・ブースト レモン風味　500g,4633,1,0,0.08,0,0,2023/11/01,"","311001,ウルトラECF",
ULTORA（ウルトラ）,b1281f3192,1201772,※ダミー※【2点セット】 ホエイダイエットプロテイン 450g＆ソイダイエットプロテイン 500g     ,5580,1,5901,0.08,600,0,2023/11/01,"","311001,ウルトラECF",
ULTORA（ウルトラ）,b1281f3192,1100277,ウルトラ ホエイダイエットプロテイン チョコレート風味 450g,0,1,0,0.08,0,0,2023/11/01,"","311001,ウルトラECF",
ULTORA（ウルトラ）,b1281f3192,1101397,ウルトラ ホエイダイエットプロテイン 450g キャラメルナッツ風味     ,0,1,0,0.08,0,0,2023/11/01,"","311001,ウルトラECF",
ULTORA（ウルトラ）,b31e3b4070,1101397,ウルトラ ホエイダイエットプロテイン 450g キャラメルナッツ風味     ,3491,1,2959,0.08,600,0,2023/11/01,"","311001,ウルトラECF",
ULTORA（ウルトラ）,b39dea8c8a,1201771,※ダミー※【2点セット】 ホエイダイエットプロテイン＆スローダイエットプロテイン 1000g    ,9480,1,8080,0.08,600,0,2023/11/01,"","311001,ウルトラECF",
ULTORA（ウルトラ）,b39dea8c8a,1101396,ウルトラ ホエイダイエットプロテイン 1000g キャラメルナッツ風味     ,0,1,0,0.08,0,0,2023/11/01,"","311001,ウルトラECF",
ULTORA（ウルトラ）,b39dea8c8a,1101403,ウルトラ スローダイエットプロテイン 1000g あずきミルク風味,0,1,0,0.08,0,0,2023/11/01,"","311001,ウルトラECF",
ULTORA（ウルトラ）,b53b82063d,1100270,"ウルトラ ホエイダイエットプロテイン チョコレート風味 1,000g",5115,2,12620,0.08,0,0,2023/11/01,"","311001,ウルトラECF",
ULTORA（ウルトラ）,b53b82063d,1100278,ウルトラ ホエイダイエットプロテイン 抹茶ラテ風味 450g,3491,1,0,0.08,0,0,2023/11/01,"","311001,ウルトラECF",
ULTORA（ウルトラ）,b6a9363545,1102416,ウルトラ ソイダイエットプロテイン 500g  ミルクティー風味,3791,1,4090,0.08,600,300,2023/11/01,"","311001,ウルトラECF",
ULTORA（ウルトラ）,b73f1b1b94,1201771,※ダミー※【2点セット】 ホエイダイエットプロテイン＆スローダイエットプロテイン 1000g    ,9480,1,18397,0.08,0,0,2023/11/01,"","311001,ウルトラECF",
ULTORA（ウルトラ）,b73f1b1b94,1101396,ウルトラ ホエイダイエットプロテイン 1000g キャラメルナッツ風味     ,0,1,0,0.08,0,0,2023/11/01,"","311001,ウルトラECF",
ULTORA（ウルトラ）,b73f1b1b94,1100271,"ウルトラ ホエイダイエットプロテイン 抹茶ラテ風味 1,000g",0,1,0,0.08,0,0,2023/11/01,"","311001,ウルトラECF",
ULTORA（ウルトラ）,b73f1b1b94,1100284,ウルトラ スローダイエットプロテイン 黒ゴマきなこ風味　1000ｇ,5189,1,0,0.08,0,0,2023/11/01,"","311001,ウルトラECF",
ULTORA（ウルトラ）,b73f1b1b94,1100275,"ウルトラ ホエイダイエットプロテイン ほうじ茶ラテ風味 1,000g",5115,1,0,0.08,0,0,2023/11/01,"","311001,ウルトラECF",
ULTORA（ウルトラ）,b74f4e0922,1101397,ウルトラ ホエイダイエットプロテイン 450g キャラメルナッツ風味     ,3491,1,9570,0.08,600,0,2023/11/01,"","311001,ウルトラECF",
ULTORA（ウルトラ）,b74f4e0922,1100278,ウルトラ ホエイダイエットプロテイン 抹茶ラテ風味 450g,3491,1,0,0.08,0,0,2023/11/01,"","311001,ウルトラECF",
ULTORA（ウルトラ）,b74f4e0922,1102415,ウルトラ ソイダイエットプロテイン 500g モンブラン風味,3791,1,0,0.08,0,0,2023/11/01,"","311001,ウルトラECF",
ULTORA（ウルトラ）,bab667a1bc,1101403,ウルトラ スローダイエットプロテイン 1000g あずきミルク風味,5189,1,4990,0.08,600,0,2023/11/01,"","311001,ウルトラECF",
ULTORA（ウルトラ）,c0c35c01eb,1100286,ウルトラ スローダイエットプロテイン ブルーベリー風味　1000ｇ,4790,1,1790,0.08,0,0,2023/11/01,"","311001,ウルトラECF",
ULTORA（ウルトラ）,c1879c83bc,1201771,※ダミー※【2点セット】 ホエイダイエットプロテイン＆スローダイエットプロテイン 1000g    ,9480,1,13870,0.08,0,0,2023/11/01,"","311001,ウルトラECF",
ULTORA（ウルトラ）,c1879c83bc,1100273,"ウルトラ ホエイダイエットプロテイン ココナッツチョコレート風味 1,000g",0,1,0,0.08,0,0,2023/11/01,"","311001,ウルトラECF",
ULTORA（ウルトラ）,c1879c83bc,1100284,ウルトラ スローダイエットプロテイン 黒ゴマきなこ風味　1000ｇ,0,1,0,0.08,0,0,2023/11/01,"","311001,ウルトラECF",
ULTORA（ウルトラ）,c1879c83bc,1101404,ウルトラ スローダイエットプロテイン 1000g クリアヨーグルト風味     ,5189,1,0,0.08,0,0,2023/11/01,"","311001,ウルトラECF",
ULTORA（ウルトラ）,c2167d9376,1100271,"ウルトラ ホエイダイエットプロテイン 抹茶ラテ風味 1,000g",5115,1,5320,0.08,600,105,2023/11/01,"","311001,ウルトラECF",
ULTORA（ウルトラ）,c25b8b4eb5,1100295,ウルトラ EAA ジ・アクセル ソルティッドライチ風味　500g,5065,1,10130,0.08,0,0,2023/11/01,"","311001,ウルトラECF",
ULTORA（ウルトラ）,c25b8b4eb5,1100297,ウルトラ EAA ジ・アクセル アップルサワー風味　500ｇ,5065,1,0,0.08,0,0,2023/11/01,"","311001,ウルトラECF",
ULTORA（ウルトラ）,c5f35790fb,1100296,ウルトラ EAA ジ・アクセル アセロラ風味　500g,5065,1,10130,0.08,0,0,2023/11/01,"","311001,ウルトラECF",
ULTORA（ウルトラ）,c5f35790fb,1100297,ウルトラ EAA ジ・アクセル アップルサワー風味　500ｇ,5065,1,0,0.08,0,0,2023/11/01,"","311001,ウルトラECF",
ULTORA（ウルトラ）,c914d84db0,1100285,ウルトラ スローダイエットプロテイン カフェラテ風味,5189,1,9000,0.08,600,0,2023/11/01,"","311001,ウルトラECF",
ULTORA（ウルトラ）,c914d84db0,1100297,ウルトラ EAA ジ・アクセル アップルサワー風味　500ｇ,5065,1,0,0.08,0,0,2023/11/01,"","311001,ウルトラECF",
ULTORA（ウルトラ）,ca5351531a,1100294,ウルトラ BCAA ザ・ブースト マンゴー風味　500g,4633,1,12100,0.08,0,0,2023/11/01,"","311001,ウルトラECF",
ULTORA（ウルトラ）,ca5351531a,1100291,ウルトラ BCAA ザ・ブースト マスカット風味　500g,4633,1,0,0.08,0,0,2023/11/01,"","311001,ウルトラECF",
ULTORA（ウルトラ）,ca5351531a,1100289,ウルトラ ソイダイエットプロテイン ココア風味 500g,3791,1,0,0.08,0,0,2023/11/01,"","311001,ウルトラECF",
ULTORA（ウルトラ）,cb60bc47ff,1100294,ウルトラ BCAA ザ・ブースト マンゴー風味　500g,4633,2,13800,0.08,0,300,2023/11/01,"","311001,ウルトラECF",
ULTORA（ウルトラ）,cb60bc47ff,1100286,ウルトラ スローダイエットプロテイン ブルーベリー風味　1000ｇ,4790,1,0,0.08,0,0,2023/11/01,"","311001,ウルトラECF",
ULTORA（ウルトラ）,cdbd9beca7,1100271,"ウルトラ ホエイダイエットプロテイン 抹茶ラテ風味 1,000g",5115,1,5215,0.08,600,0,2023/11/01,"","311001,ウルトラECF",
ULTORA（ウルトラ）,cf2539eeb6,1101396,ウルトラ ホエイダイエットプロテイン 1000g キャラメルナッツ風味     ,5115,1,5215,0.08,600,0,2023/11/01,"","311001,ウルトラECF",
ULTORA（ウルトラ）,cf4c15dc2c,1100270,"ウルトラ ホエイダイエットプロテイン チョコレート風味 1,000g",5115,2,15345,0.08,0,0,2023/11/01,"","311001,ウルトラECF",
ULTORA（ウルトラ）,cf4c15dc2c,1100274,"ウルトラ ホエイダイエットプロテイン フルーツオレ風味 1,000g",5115,1,0,0.08,0,0,2023/11/01,"","311001,ウルトラECF",
ULTORA（ウルトラ）,cff6336cc8,1100270,"ウルトラ ホエイダイエットプロテイン チョコレート風味 1,000g",5115,1,5715,0.08,600,0,2023/11/01,"","311001,ウルトラECF",
ULTORA（ウルトラ）,d8e346da66,1201771,※ダミー※【2点セット】 ホエイダイエットプロテイン＆スローダイエットプロテイン 1000g    ,9480,1,31220,0.08,0,0,2023/11/01,"","311001,ウルトラECF",
ULTORA（ウルトラ）,d8e346da66,1100270,"ウルトラ ホエイダイエットプロテイン チョコレート風味 1,000g",0,2,0,0.08,0,0,2023/11/01,"","311001,ウルトラECF",
ULTORA（ウルトラ）,d8e346da66,1100270,"ウルトラ ホエイダイエットプロテイン チョコレート風味 1,000g",5115,4,0,0.08,0,0,2023/11/01,"","311001,ウルトラECF",
ULTORA（ウルトラ）,d8e346da66,1101404,ウルトラ スローダイエットプロテイン 1000g クリアヨーグルト風味     ,5189,1,0,0.08,0,0,2023/11/01,"","311001,ウルトラECF",
ULTORA（ウルトラ）,da2ea12d23,1100284,ウルトラ スローダイエットプロテイン 黒ゴマきなこ風味　1000ｇ,5189,1,5790,0.08,600,300,2023/11/01,"","311001,ウルトラECF",
ULTORA（ウルトラ）,dcf37bc521,1100284,ウルトラ スローダイエットプロテイン 黒ゴマきなこ風味　1000ｇ,5189,1,5490,0.08,600,0,2023/11/01,"","311001,ウルトラECF",
ULTORA（ウルトラ）,dd2bf8ac08,1100285,ウルトラ スローダイエットプロテイン カフェラテ風味,5189,2,11403,0.08,0,0,2023/11/01,"","311001,ウルトラECF",
ULTORA（ウルトラ）,dd2bf8ac08,1101397,ウルトラ ホエイダイエットプロテイン 450g キャラメルナッツ風味     ,3491,1,0,0.08,0,0,2023/11/01,"","311001,ウルトラECF",
ULTORA（ウルトラ）,ddd11bc3db,1100270,"ウルトラ ホエイダイエットプロテイン チョコレート風味 1,000g",5115,1,5215,0.08,600,0,2023/11/01,"","311001,ウルトラECF",
ULTORA（ウルトラ）,e01b8a3e9d,1102416,ウルトラ ソイダイエットプロテイン 500g  ミルクティー風味,3791,1,6480,0.08,600,0,2023/11/01,"","311001,ウルトラECF",
ULTORA（ウルトラ）,e01b8a3e9d,1102415,ウルトラ ソイダイエットプロテイン 500g モンブラン風味,3791,1,0,0.08,0,0,2023/11/01,"","311001,ウルトラECF",
ULTORA（ウルトラ）,e0e00c4745,1101397,ウルトラ ホエイダイエットプロテイン 450g キャラメルナッツ風味     ,3491,1,8055,0.08,600,0,2023/11/01,"","311001,ウルトラECF",
ULTORA（ウルトラ）,e0e00c4745,1100297,ウルトラ EAA ジ・アクセル アップルサワー風味　500ｇ,5065,1,0,0.08,0,0,2023/11/01,"","311001,ウルトラECF",
ULTORA（ウルトラ）,e1dd1236c3,1102416,ウルトラ ソイダイエットプロテイン 500g  ミルクティー風味,3791,1,6447,0.08,600,105,2023/11/01,"","311001,ウルトラECF",
ULTORA（ウルトラ）,e1dd1236c3,1100289,ウルトラ ソイダイエットプロテイン ココア風味 500g,3791,1,0,0.08,0,0,2023/11/01,"","311001,ウルトラECF",
ULTORA（ウルトラ）,e2eaa17647,1101404,ウルトラ スローダイエットプロテイン 1000g クリアヨーグルト風味     ,5189,1,5490,0.08,600,0,2023/11/01,"","311001,ウルトラECF",
ULTORA（ウルトラ）,e2fa144ce7,1201771,※ダミー※【2点セット】 ホエイダイエットプロテイン＆スローダイエットプロテイン 1000g    ,9480,1,11133,0.08,0,0,2023/11/01,"","311001,ウルトラECF",
ULTORA（ウルトラ）,e2fa144ce7,1101404,ウルトラ スローダイエットプロテイン 1000g クリアヨーグルト風味     ,0,1,0,0.08,0,0,2023/11/01,"","311001,ウルトラECF",
ULTORA（ウルトラ）,e2fa144ce7,1100271,"ウルトラ ホエイダイエットプロテイン 抹茶ラテ風味 1,000g",0,1,0,0.08,0,0,2023/11/01,"","311001,ウルトラECF",
ULTORA（ウルトラ）,e2fa144ce7,1100277,ウルトラ ホエイダイエットプロテイン チョコレート風味 450g,3491,1,0,0.08,0,0,2023/11/01,"","311001,ウルトラECF",
ULTORA（ウルトラ）,e7547d0381,1102415,ウルトラ ソイダイエットプロテイン 500g モンブラン風味,3791,1,10470,0.08,0,0,2023/11/01,"","311001,ウルトラECF",
ULTORA（ウルトラ）,e7547d0381,1100284,ウルトラ スローダイエットプロテイン 黒ゴマきなこ風味　1000ｇ,5189,1,0,0.08,0,0,2023/11/01,"","311001,ウルトラECF",
ULTORA（ウルトラ）,e7547d0381,1101397,ウルトラ ホエイダイエットプロテイン 450g キャラメルナッツ風味     ,3491,1,0,0.08,0,0,2023/11/01,"","311001,ウルトラECF",
ULTORA（ウルトラ）,e8e730715d,1201771,※ダミー※【2点セット】 ホエイダイエットプロテイン＆スローダイエットプロテイン 1000g    ,9480,1,9580,0.08,600,0,2023/11/01,"","311001,ウルトラECF",
ULTORA（ウルトラ）,e8e730715d,1100270,"ウルトラ ホエイダイエットプロテイン チョコレート風味 1,000g",0,1,0,0.08,0,0,2023/11/01,"","311001,ウルトラECF",
ULTORA（ウルトラ）,e8e730715d,1100285,ウルトラ スローダイエットプロテイン カフェラテ風味,0,1,0,0.08,0,0,2023/11/01,"","311001,ウルトラECF",
ULTORA（ウルトラ）,ede089c3d0,1201771,※ダミー※【2点セット】 ホエイダイエットプロテイン＆スローダイエットプロテイン 1000g    ,9480,1,9492,0.08,600,0,2023/11/01,"","311001,ウルトラECF",
ULTORA（ウルトラ）,ede089c3d0,1101396,ウルトラ ホエイダイエットプロテイン 1000g キャラメルナッツ風味     ,0,1,0,0.08,0,0,2023/11/01,"","311001,ウルトラECF",
ULTORA（ウルトラ）,ede089c3d0,1100273,"ウルトラ ホエイダイエットプロテイン ココナッツチョコレート風味 1,000g",0,1,0,0.08,0,0,2023/11/01,"","311001,ウルトラECF",
ULTORA（ウルトラ）,eed342c89f,1201771,※ダミー※【2点セット】 ホエイダイエットプロテイン＆スローダイエットプロテイン 1000g    ,9480,1,19984,0.08,0,105,2023/11/01,"","311001,ウルトラECF",
ULTORA（ウルトラ）,eed342c89f,1100271,"ウルトラ ホエイダイエットプロテイン 抹茶ラテ風味 1,000g",0,1,0,0.08,0,0,2023/11/01,"","311001,ウルトラECF",
ULTORA（ウルトラ）,eed342c89f,1100272,"ウルトラ ホエイダイエットプロテイン クリアストロベリー風味 1,000g",0,1,0,0.08,0,0,2023/11/01,"","311001,ウルトラECF",
ULTORA（ウルトラ）,eed342c89f,1100295,ウルトラ EAA ジ・アクセル ソルティッドライチ風味　500g,5065,1,0,0.08,0,0,2023/11/01,"","311001,ウルトラECF",
ULTORA（ウルトラ）,eed342c89f,1102415,ウルトラ ソイダイエットプロテイン 500g モンブラン風味,3791,1,0,0.08,0,0,2023/11/01,"","311001,ウルトラECF",
ULTORA（ウルトラ）,eed342c89f,1102416,ウルトラ ソイダイエットプロテイン 500g  ミルクティー風味,3791,1,0,0.08,0,0,2023/11/01,"","311001,ウルトラECF",
ULTORA（ウルトラ）,f4aa9e2763,1100271,"ウルトラ ホエイダイエットプロテイン 抹茶ラテ風味 1,000g",5115,1,10155,0.08,0,0,2023/11/01,"","311001,ウルトラECF",
ULTORA（ウルトラ）,f4aa9e2763,1100284,ウルトラ スローダイエットプロテイン 黒ゴマきなこ風味　1000ｇ,5189,1,0,0.08,0,0,2023/11/01,"","311001,ウルトラECF",
ULTORA（ウルトラ）,f4aa9e2763,1100302,ウルトラ シェイカー 500ml（ブラック）,650,1,0,0.1,0,0,2023/11/01,"","311001,ウルトラECF",
ULTORA（ウルトラ）,f93f1be233,1100271,"ウルトラ ホエイダイエットプロテイン 抹茶ラテ風味 1,000g",5115,1,5715,0.08,600,0,2023/11/01,"","311001,ウルトラECF",""
ULTORA（ウルトラ）,f9bacd3f31,1101397,ウルトラ ホエイダイエットプロテイン 450g キャラメルナッツ風味     ,3491,1,2990,0.08,600,0,2023/11/01,"","311001,ウルトラECF",
ULTORA（ウルトラ）,fe76c97a63,1101397,ウルトラ ホエイダイエットプロテイン 450g キャラメルナッツ風味     ,3491,1,2990,0.08,600,0,2023/11/01,"","311001,ウルトラECF",
